<?xml version="1.0" encoding="UTF-8" ?>  
<!DOCTYPE struts PUBLIC  
    "-//Apache Software Foundation//DTD Struts Configuration 2.3//EN"  
    "http://struts.apache.org/dtds/struts-2.3.dtd">  
  
<struts>  
  <package name="struts2" extends="struts-default" namespace="/">
        <action name="show" class="org.java.action.UserAction">
        <result name="success">Success.jsp</result>
         <result name="show">Success.jsp</result>
          <result name="ok">Success.jsp</result>
        </action>
        <action name="deleteUser" class="org.java.action.UserAction" method="deleteUser"></action>
    </package>  
</struts>  